pando , 1289083 , --env=Pong-v0 --theta_init_std=0.5 --theta_init_bias=0 
pando , 1289084 , --env=Pong-v0 --theta_init_std=0.05 --theta_init_bias=0.1 
pando , 1289085 , --env=Pong-v0 --theta_init_std=0.5 --theta_init_bias=0 
pando , 1289086 , --env=Pong-v0 --theta_init_bias=0 --xavier_init 
pando , 1289087 , --env=Pong-v0 --theta_init_std=0.5 --theta_init_bias=0 
pando , 1289088 , --env=Pong-v0 --theta_init_std=0.05 --theta_init_bias=0.1 
pando , 1289089 , --env=Pong-v0 --theta_init_std=0.5 --theta_init_bias=0 
pando , 1289090 , --env=Pong-v0 --theta_init_bias=0 --xavier_init 
pando ,  , --freq=20 
pando , 1289092 , --env=Pong-v0 --theta_init_std=0.5 --theta_init_bias=0 
pando , 1289093 , --env=Pong-v0 --theta_init_std=0.05 --theta_init_bias=0.1 
pando , 1289094 , --env=Pong-v0 --theta_init_std=0.5 --theta_init_bias=0 
pando , 1289095 , --env=Pong-v0 --theta_init_bias=0 --xavier_init 
pando , 1289096 , --freq=20 
pando , 1289097 , --env=Pong-v0 --theta_init_std=0.5 --theta_init_bias=0 
pando , 1289098 , --env=Pong-v0 --theta_init_std=0.05 --theta_init_bias=0.1 
pando , 1289099 , --env=Pong-v0 --theta_init_std=0.5 --theta_init_bias=0 
pando , 1289100 , --env=Pong-v0 --theta_init_bias=0 --xavier_init 
pando , 1289101 , --freq=20 
pando , 1289102 , --env=Pong-v0 --theta_init_std=0.5 --theta_init_bias=0 
pando , 1289103 , --env=Pong-v0 --theta_init_std=0.05 --theta_init_bias=0.1 
pando , 1289104 , --env=Pong-v0 --theta_init_std=0.5 --theta_init_bias=0 
pando , 1289105 , --env=Pong-v0 --theta_init_bias=0 --xavier_init 
pando , 1289106 , --freq=20 
pando , 1291977 , --save_freq=50 --preset pando mujoco openai --tag=new_openai --pop_per_cpu=2 --net=mujoco-light --env=HalfCheetah-v2 
pando , 1291978 , --save_freq=50 --preset pando mujoco openai --tag=new_openai --pop_per_cpu=2 --net=mujoco-light --env=InvertedDoublePendulum-v2 
pando , 1291979 , --save_freq=50 --preset pando mujoco openai --tag=new_openai --pop_per_cpu=2 --net=mujoco-discrete --env=Swimmer-v2 
pando , 1291980 , --save_freq=50 --preset pando mujoco openai --tag=new_openai --pop_per_cpu=2 --net=mujoco-discrete --env=Hopper-v2 
pando , 1291981 , --save_freq=50 --preset pando mujoco openai --tag=new_openai --pop_per_cpu=2 --net=mujoco-light --env=InvertedPendulum-v2 
pando , 1291982 , --save_freq=50 --preset pando mujoco openai --tag=new_openai --pop_per_cpu=2 --net=mujoco-light --env=Walker2d-v2 
pando , 1291984 , --save_freq=50 --preset pando mujoco openai --tag=new_openai --pop_per_cpu=2 --net=mujoco-light --env=HalfCheetah-v2 
pando , 1291985 , --save_freq=50 --preset pando mujoco openai --tag=new_openai --pop_per_cpu=2 --net=mujoco-light --env=InvertedDoublePendulum-v2 
pando , 1291986 , --save_freq=50 --preset pando mujoco openai --tag=new_openai --pop_per_cpu=2 --net=mujoco-discrete --env=Swimmer-v2 
pando , 1291987 , --save_freq=50 --preset pando mujoco openai --tag=new_openai --pop_per_cpu=2 --net=mujoco-discrete --env=Hopper-v2 
pando , 1291988 , --save_freq=50 --preset pando mujoco openai --tag=new_openai --pop_per_cpu=2 --net=mujoco-light --env=InvertedPendulum-v2 
pando , 1291989 , --save_freq=50 --preset pando mujoco openai --tag=new_openai --pop_per_cpu=2 --net=mujoco-light --env=Walker2d-v2 
pando , 1291993 , --save_freq=50 --preset pando mujoco openai --tag=new_openai_02 ----es_sigma=0.02 --pop_per_cpu=2 --net=mujoco-light --env=HalfCheetah-v2 
pando , 1291994 , --save_freq=50 --preset pando mujoco openai --tag=new_openai_02 ----es_sigma=0.02 --pop_per_cpu=2 --net=mujoco-light --env=InvertedDoublePendulum-v2 
pando , 1291995 , --save_freq=50 --preset pando mujoco openai --tag=new_openai_02 ----es_sigma=0.02 --pop_per_cpu=2 --net=mujoco-discrete --env=Swimmer-v2 
pando , 1291996 , --save_freq=50 --preset pando mujoco openai --tag=new_openai_02 ----es_sigma=0.02 --pop_per_cpu=2 --net=mujoco-discrete --env=Hopper-v2 
pando , 1291997 , --save_freq=50 --preset pando mujoco openai --tag=new_openai_02 ----es_sigma=0.02 --pop_per_cpu=2 --net=mujoco-light --env=InvertedPendulum-v2 
pando , 1291998 , --save_freq=50 --preset pando mujoco openai --tag=new_openai_02 ----es_sigma=0.02 --pop_per_cpu=2 --net=mujoco-light --env=Walker2d-v2 
pando , 1291999 , --save_freq=50 --preset pando mujoco openai --tag=new_openai_02 ----es_sigma=0.02 --pop_per_cpu=2 --net=mujoco-light --env=HalfCheetah-v2 
pando , 1292000 , --save_freq=50 --preset pando mujoco openai --tag=new_openai_02 ----es_sigma=0.02 --pop_per_cpu=2 --net=mujoco-light --env=InvertedDoublePendulum-v2 
pando , 1292001 , --save_freq=50 --preset pando mujoco openai --tag=new_openai_02 ----es_sigma=0.02 --pop_per_cpu=2 --net=mujoco-discrete --env=Swimmer-v2 
pando , 1292002 , --save_freq=50 --preset pando mujoco openai --tag=new_openai_02 ----es_sigma=0.02 --pop_per_cpu=2 --net=mujoco-discrete --env=Hopper-v2 
pando , 1292003 , --save_freq=50 --preset pando mujoco openai --tag=new_openai_02 ----es_sigma=0.02 --pop_per_cpu=2 --net=mujoco-light --env=InvertedPendulum-v2 
pando , 1292004 , --save_freq=50 --preset pando mujoco openai --tag=new_openai_02 ----es_sigma=0.02 --pop_per_cpu=2 --net=mujoco-light --env=Walker2d-v2 
pando , 1292005 , --save_freq=50 --preset pando mujoco openai --tag=new_openai_02 --es_sigma=0.02 --pop_per_cpu=2 --net=mujoco-light --env=HalfCheetah-v2 
pando , 1292006 , --save_freq=50 --preset pando mujoco openai --tag=new_openai_02 --es_sigma=0.02 --pop_per_cpu=2 --net=mujoco-light --env=InvertedDoublePendulum-v2 
pando , 1292007 , --save_freq=50 --preset pando mujoco openai --tag=new_openai_02 --es_sigma=0.02 --pop_per_cpu=2 --net=mujoco-discrete --env=Swimmer-v2 
pando , 1292008 , --save_freq=50 --preset pando mujoco openai --tag=new_openai_02 --es_sigma=0.02 --pop_per_cpu=2 --net=mujoco-discrete --env=Hopper-v2 
pando , 1292009 , --save_freq=50 --preset pando mujoco openai --tag=new_openai_02 --es_sigma=0.02 --pop_per_cpu=2 --net=mujoco-light --env=InvertedPendulum-v2 
pando , 1292010 , --save_freq=50 --preset pando mujoco openai --tag=new_openai_02 --es_sigma=0.02 --pop_per_cpu=2 --net=mujoco-light --env=Walker2d-v2 
pando , 1292011 , --save_freq=50 --preset pando mujoco openai --tag=weight_decay --es_sigma=0.02 --es_wd=0.01 --pop_per_cpu=2 --net=mujoco-light --env=HalfCheetah-v2 
pando , 1292012 , --save_freq=50 --preset pando mujoco openai --tag=weight_decay --es_sigma=0.02 --es_wd=0.01 --pop_per_cpu=2 --net=mujoco-light --env=InvertedDoublePendulum-v2 
pando , 1292013 , --save_freq=50 --preset pando mujoco openai --tag=weight_decay --es_sigma=0.02 --es_wd=0.01 --pop_per_cpu=2 --net=mujoco-discrete --env=Swimmer-v2 
pando , 1292014 , --save_freq=50 --preset pando mujoco openai --tag=weight_decay --es_sigma=0.02 --es_wd=0.01 --pop_per_cpu=2 --net=mujoco-discrete --env=Hopper-v2 
pando , 1292015 , --save_freq=50 --preset pando mujoco openai --tag=weight_decay --es_sigma=0.02 --es_wd=0.01 --pop_per_cpu=2 --net=mujoco-light --env=InvertedPendulum-v2 
pando , 1292016 , --save_freq=50 --preset pando mujoco openai --tag=weight_decay --es_sigma=0.02 --es_wd=0.01 --pop_per_cpu=2 --net=mujoco-light --env=Walker2d-v2 
pando , 1292017 , --save_freq=50 --preset pando mujoco openai --tag=weight_decay --es_sigma=0.02 --es_wd=0.1 --pop_per_cpu=2 --net=mujoco-light --env=HalfCheetah-v2 
pando , 1292018 , --save_freq=50 --preset pando mujoco openai --tag=weight_decay --es_sigma=0.02 --es_wd=0.1 --pop_per_cpu=2 --net=mujoco-light --env=InvertedDoublePendulum-v2 
pando , 1292019 , --save_freq=50 --preset pando mujoco openai --tag=weight_decay --es_sigma=0.02 --es_wd=0.1 --pop_per_cpu=2 --net=mujoco-discrete --env=Swimmer-v2 
pando , 1292020 , --save_freq=50 --preset pando mujoco openai --tag=weight_decay --es_sigma=0.02 --es_wd=0.1 --pop_per_cpu=2 --net=mujoco-discrete --env=Hopper-v2 
pando , 1292021 , --save_freq=50 --preset pando mujoco openai --tag=weight_decay --es_sigma=0.02 --es_wd=0.1 --pop_per_cpu=2 --net=mujoco-light --env=InvertedPendulum-v2 
pando , 1292022 , --save_freq=50 --preset pando mujoco openai --tag=weight_decay --es_sigma=0.02 --es_wd=0.1 --pop_per_cpu=2 --net=mujoco-light --env=Walker2d-v2 
pando , 1292023 , --save_freq=50 --preset pando mujoco openai --tag=weight_decay --es_sigma=0.02 --es_wd=0.01 --pop_per_cpu=2 --net=mujoco-light --env=HalfCheetah-v2 
pando , 1292024 , --save_freq=50 --preset pando mujoco openai --tag=weight_decay --es_sigma=0.02 --es_wd=0.01 --pop_per_cpu=2 --net=mujoco-light --env=InvertedDoublePendulum-v2 
pando , 1292025 , --save_freq=50 --preset pando mujoco openai --tag=weight_decay --es_sigma=0.02 --es_wd=0.01 --pop_per_cpu=2 --net=mujoco-discrete --env=Swimmer-v2 
pando , 1292026 , --save_freq=50 --preset pando mujoco openai --tag=weight_decay --es_sigma=0.02 --es_wd=0.01 --pop_per_cpu=2 --net=mujoco-discrete --env=Hopper-v2 
pando , 1292027 , --save_freq=50 --preset pando mujoco openai --tag=weight_decay --es_sigma=0.02 --es_wd=0.01 --pop_per_cpu=2 --net=mujoco-light --env=InvertedPendulum-v2 
pando , 1292028 , --save_freq=50 --preset pando mujoco openai --tag=weight_decay --es_sigma=0.02 --es_wd=0.01 --pop_per_cpu=2 --net=mujoco-light --env=Walker2d-v2 
pando , 1292029 , --save_freq=50 --preset pando mujoco openai --tag=weight_decay --es_sigma=0.02 --es_wd=0.1 --pop_per_cpu=2 --net=mujoco-light --env=HalfCheetah-v2 
pando , 1292030 , --save_freq=50 --preset pando mujoco openai --tag=weight_decay --es_sigma=0.02 --es_wd=0.1 --pop_per_cpu=2 --net=mujoco-light --env=InvertedDoublePendulum-v2 
pando , 1292031 , --save_freq=50 --preset pando mujoco openai --tag=weight_decay --es_sigma=0.02 --es_wd=0.1 --pop_per_cpu=2 --net=mujoco-discrete --env=Swimmer-v2 
pando , 1292032 , --save_freq=50 --preset pando mujoco openai --tag=weight_decay --es_sigma=0.02 --es_wd=0.1 --pop_per_cpu=2 --net=mujoco-discrete --env=Hopper-v2 
pando , 1292033 , --save_freq=50 --preset pando mujoco openai --tag=weight_decay --es_sigma=0.02 --es_wd=0.1 --pop_per_cpu=2 --net=mujoco-light --env=InvertedPendulum-v2 
pando , 1292034 , --save_freq=50 --preset pando mujoco openai --tag=weight_decay --es_sigma=0.02 --es_wd=0.1 --pop_per_cpu=2 --net=mujoco-light --env=Walker2d-v2 
pando , 1292042 , --net=mujoco-light --env=HalfCheetah-v2 --es_wd=0.001 
pando , 1292043 , --net=mujoco-light --env=InvertedDoublePendulum-v2 --es_wd=0.001 
pando , 1292044 , --net=mujoco-discrete --env=Swimmer-v2 --es_wd=0.001 
pando , 1292045 , --net=mujoco-discrete --env=Hopper-v2 --es_wd=0.001 
pando , 1292046 , --net=mujoco-light --env=InvertedPendulum-v2 --es_wd=0.001 
pando , 1292047 , --net=mujoco-light --env=Walker2d-v2 --es_wd=0.001 
pando , 1292048 , --net=mujoco-light --env=HalfCheetah-v2 --es_wd=0.01 
pando , 1292049 , --net=mujoco-light --env=InvertedDoublePendulum-v2 --es_wd=0.01 
pando , 1292050 , --net=mujoco-discrete --env=Swimmer-v2 --es_wd=0.01 
pando , 1292051 , --net=mujoco-discrete --env=Hopper-v2 --es_wd=0.01 
pando , 1292052 , --net=mujoco-light --env=InvertedPendulum-v2 --es_wd=0.01 
pando , 1292053 , --net=mujoco-light --env=Walker2d-v2 --es_wd=0.01 
pando , 1292054 , --net=mujoco-light --env=HalfCheetah-v2 --es_wd=0.1 
pando , 1292055 , --net=mujoco-light --env=InvertedDoublePendulum-v2 --es_wd=0.1 
pando , 1292056 , --net=mujoco-discrete --env=Swimmer-v2 --es_wd=0.1 
pando , 1292057 , --net=mujoco-discrete --env=Hopper-v2 --es_wd=0.1 
pando , 1292058 , --net=mujoco-light --env=InvertedPendulum-v2 --es_wd=0.1 
pando , 1292059 , --net=mujoco-light --env=Walker2d-v2 --es_wd=0.1 
calmip , 796193 , --net=canonical --env=Pong-v0 --es_wd=0.001 --es_sigma=0.02 --es_lr=0.01 --es_momentum=0.9 
pando , 1292364 , --net=mujoco-light --env=HalfCheetah-v2 --tag=no_momentum --es_lr=0.01 --es_sigma=0.02 --es_wd=0.001 --es_momentum=0 
pando , 1292365 , --net=mujoco-light --env=InvertedDoublePendulum-v2 --tag=no_momentum --es_lr=0.01 --es_sigma=0.02 --es_wd=0.001 --es_momentum=0 
pando , 1292366 , --net=mujoco-discrete --env=Swimmer-v2 --tag=no_momentum --es_lr=0.01 --es_sigma=0.02 --es_wd=0.001 --es_momentum=0 
pando , 1292367 , --net=mujoco-discrete --env=Hopper-v2 --tag=no_momentum --es_lr=0.01 --es_sigma=0.02 --es_wd=0.001 --es_momentum=0 
calmip , 796496 , --net=canonical --env=Pong-v0 --tag=weight_decay --es_wd=0.001 --es_sigma=0.02 --es_lr=0.01 --es_momentum=0.9 
pando , 1292368 , --net=mujoco-light --env=InvertedPendulum-v2 --tag=no_momentum --es_lr=0.01 --es_sigma=0.02 --es_wd=0.001 --es_momentum=0 
pando , 1292369 , --net=mujoco-light --env=Walker2d-v2 --tag=no_momentum --es_lr=0.01 --es_sigma=0.02 --es_wd=0.001 --es_momentum=0 
calmip , 796519 , --net=canonical --env=Pong-v0 --tag=weight_decay --es_wd=0.001 --es_sigma=0.02 --es_lr=0.01 --es_momentum=0.9 
pando ,  , --net=canonical --env=Pong-v0 --tag=weight_decay --es_wd=0.001 --es_sigma=0.02 --es_lr=0.01 --es_momentum=0.9 
pando , 1292377 , --net=canonical --env=Pong-v0 --tag=weight_decay --es_wd=0.001 --es_sigma=0.02 --es_lr=0.01 --es_momentum=0.9 
calmip , 813436 , --env=Pong-v0 --tag=canonical_paper 
calmip , 813437 , --env=Alien-v0 --tag=canonical_paper 
calmip , 813438 , --env=BeamRider-v0 --tag=canonical_paper 
calmip , 813439 , --env=Breakout-v0 --tag=canonical_paper 
calmip , 813440 , --env=Enduro-v0 --tag=canonical_paper 
calmip , 813441 , --env=Qbert-v0 --tag=canonical_paper 
calmip , 813442 , --env=Seaquest-v0 --tag=canonical_paper 
calmip , 813443 , --env=SpaceInvaders-v0 --tag=canonical_paper 
calmip , 813450 , --env=Pong-v0 --tag=canonical_paper 
calmip , 813451 , --env=Alien-v0 --tag=canonical_paper 
calmip , 813452 , --env=BeamRider-v0 --tag=canonical_paper 
calmip , 813453 , --env=Breakout-v0 --tag=canonical_paper 
calmip , 813454 , --env=Enduro-v0 --tag=canonical_paper 
calmip , 813455 , --env=Qbert-v0 --tag=canonical_paper 
calmip , 813456 , --env=Seaquest-v0 --tag=canonical_paper 
calmip , 813457 , --env=SpaceInvaders-v0 --tag=canonical_paper 
calmip , 815734 , --env=Pong-v0 --tag=openai_paper 
calmip , 815735 , --env=Alien-v0 --tag=openai_paper 
calmip , 815736 , --env=BeamRider-v0 --tag=openai_paper 
calmip , 815737 , --env=Breakout-v0 --tag=openai_paper 
calmip , 815738 , --env=Enduro-v0 --tag=openai_paper 
calmip , 815739 , --env=Qbert-v0 --tag=openai_paper 
calmip , 815740 , --env=Seaquest-v0 --tag=openai_paper 
calmip , 815741 , --env=SpaceInvaders-v0 --tag=openai_paper 
pando ,  , --env=leaper --tag=procgen --n_evaluations=1 
pando ,  , --env=bossfight --tag=procgen --n_evaluations=1 
pando ,  , --env=bigfish --tag=procgen --n_evaluations=1 
pando ,  , --env=starpilot --tag=procgen --n_evaluations=1 
pando , 1301695 , --env=leaper --tag=procgen --n_evaluations=1 
pando , 1301696 , --env=bossfight --tag=procgen --n_evaluations=1 
pando , 1301697 , --env=bigfish --tag=procgen --n_evaluations=1 
pando , 1301698 , --env=starpilot --tag=procgen --n_evaluations=1 
pando , 1301699 , --env=leaper --tag=procgen --n_evaluations=5 
pando , 1301700 , --env=bossfight --tag=procgen --n_evaluations=5 
pando , 1301701 , --env=bigfish --tag=procgen --n_evaluations=5 
pando , 1301702 , --env=starpilot --tag=procgen --n_evaluations=5 
calmip , 817775 , --env=Alien-v0 --tag=big_noise  --seed=0 
calmip , 817776 , --env=BeamRider-v0 --tag=big_noise  --seed=0 
calmip , 817777 , --env=Breakout-v0 --tag=big_noise  --seed=0 
calmip , 817778 , --env=Enduro-v0 --tag=big_noise  --seed=0 
calmip , 817779 , --env=Qbert-v0 --tag=big_noise  --seed=0 
calmip , 817780 , --env=Seaquest-v0 --tag=big_noise  --seed=0 
calmip , 817781 , --env=SpaceInvaders-v0 --tag=big_noise  --seed=0 
calmip , 817782 , --env=Alien-v0 --tag=big_noise  --seed=1 
calmip , 817783 , --env=BeamRider-v0 --tag=big_noise  --seed=1 
calmip , 817784 , --env=Breakout-v0 --tag=big_noise  --seed=1 
calmip , 817785 , --env=Enduro-v0 --tag=big_noise  --seed=1 
calmip , 817786 , --env=Qbert-v0 --tag=big_noise  --seed=1 
calmip , 817787 , --env=Seaquest-v0 --tag=big_noise  --seed=1 
calmip , 817788 , --env=SpaceInvaders-v0 --tag=big_noise  --seed=1 
calmip , 817789 , --env=Alien-v0 --tag=big_noise  --seed=2 
calmip , 817790 , --env=BeamRider-v0 --tag=big_noise  --seed=2 
calmip , 817791 , --env=Breakout-v0 --tag=big_noise  --seed=2 
calmip , 817792 , --env=Enduro-v0 --tag=big_noise  --seed=2 
calmip , 817793 , --env=Qbert-v0 --tag=big_noise  --seed=2 
calmip , 817794 , --env=Seaquest-v0 --tag=big_noise  --seed=2 
calmip , 817795 , --env=SpaceInvaders-v0 --tag=big_noise  --seed=2 
pando , 1301975 , --env=leaper --tag=procgen --n_evaluations=1 
pando , 1301976 , --env=bossfight --tag=procgen --n_evaluations=1 
pando , 1301977 , --env=bigfish --tag=procgen --n_evaluations=1 
pando , 1301978 , --env=starpilot --tag=procgen --n_evaluations=1 
pando , 1301979 , --env=leaper --tag=procgen --n_evaluations=5 
pando , 1301980 , --env=bossfight --tag=procgen --n_evaluations=5 
pando , 1301981 , --env=bigfish --tag=procgen --n_evaluations=5 
pando , 1301982 , --env=starpilot --tag=procgen --n_evaluations=5 
calmip , 820619 , --env=Breakout-v0 --eval_freq=5 --tag=canonical_paper  --seed=0 
calmip , 820620 , --env=Breakout-v0 --eval_freq=5 --tag=canonical_paper  --seed=1 
calmip , 820621 , --env=Breakout-v0 --eval_freq=5 --tag=canonical_paper  --seed=2 
calmip , 820623 , --env=Breakout-v0 --eval_freq=5 --tag=canonical_paper  --seed=0 
calmip , 820624 , --env=Breakout-v0 --eval_freq=5 --tag=canonical_paper  --seed=1 
calmip , 820625 , --env=Breakout-v0 --eval_freq=5 --tag=canonical_paper  --seed=2 
calmip , 820978 , --env=Breakout-v0 --eval_freq=5 --tag=openAI_paper  --seed=0 
calmip , 820979 , --env=Breakout-v0 --eval_freq=5 --tag=openAI_paper  --seed=1 
calmip , 820980 , --env=Breakout-v0 --eval_freq=5 --tag=openAI_paper  --seed=2 
calmip , 820982 , --env=BeamRider-v0 --eval_freq=5 --tag=canonical_paper  --seed=3 
calmip , 821495 , --env=Breakout-v0 --eval_freq=5 --tag=openAI_paper  --seed=0 
calmip , 821496 , --env=Breakout-v0 --eval_freq=5 --tag=openAI_paper  --seed=1 
calmip , 821497 , --env=Breakout-v0 --eval_freq=5 --tag=openAI_paper  --seed=2 
calmip , 821524 , --env=Breakout-v0 --eval_freq=5 --tag=openAI_paper  --seed=3 
calmip , 821525 , --env=BeamRider-v0 --eval_freq=5 --tag=canonical_paper  --seed=3 
pando , 1302847 , --env=leaper --preset=pando procgen canonical --tag=procgen --n_evaluations=1 
pando , 1302848 , --env=bossfight --preset=pando procgen canonical --tag=procgen --n_evaluations=1 
pando , 1302849 , --env=bigfish --preset=pando procgen canonical --tag=procgen --n_evaluations=1 
pando , 1302850 , --env=starpilot --preset=pando procgen canonical --tag=procgen --n_evaluations=1 
pando , 1302851 , --env=bigfish --single_seed --preset=pando procgen canonical --tag=procgen --n_evaluations=1 
pando , 1302852 , --env=leaper --preset=pando procgen openai --tag=procgen --n_evaluations=1 
pando , 1302853 , --env=bossfight --preset=pando procgen openai --tag=procgen --n_evaluations=1 
pando , 1302854 , --env=bigfish --preset=pando procgen openai --tag=procgen --n_evaluations=1 
pando , 1302855 , --env=starpilot --preset=pando procgen openai --tag=procgen --n_evaluations=1 
pando , 1302856 , --env=bigfish --single_seed --preset=pando procgen openai --tag=procgen --n_evaluations=1 
pando , 1302857 , --env=leaper --preset=pando procgen canonical --tag=procgen --n_evaluations=5 
pando , 1302858 , --env=bossfight --preset=pando procgen canonical --tag=procgen --n_evaluations=5 
pando , 1302859 , --env=bigfish --preset=pando procgen canonical --tag=procgen --n_evaluations=5 
pando , 1302860 , --env=starpilot --preset=pando procgen canonical --tag=procgen --n_evaluations=5 
pando , 1302861 , --env=bigfish --single_seed --preset=pando procgen canonical --tag=procgen --n_evaluations=5 
pando , 1302862 , --env=leaper --preset=pando procgen openai --tag=procgen --n_evaluations=5 
pando , 1302863 , --env=bossfight --preset=pando procgen openai --tag=procgen --n_evaluations=5 
pando , 1302864 , --env=bigfish --preset=pando procgen openai --tag=procgen --n_evaluations=5 
pando , 1302865 , --env=starpilot --preset=pando procgen openai --tag=procgen --n_evaluations=5 
pando , 1302866 , --env=bigfish --single_seed --preset=pando procgen openai --tag=procgen --n_evaluations=5 
pando , 1302872 , --env=leaper --preset pando procgen canonical --tag=procgen --n_evaluations=1 
pando , 1302873 , --env=leaper --preset pando procgen openai --tag=procgen --n_evaluations=1 
pando , 1302874 , --env=leaper --preset pando procgen canonical --tag=procgen --n_evaluations=5 
pando , 1302875 , --env=leaper --preset pando procgen openai --tag=procgen --n_evaluations=5 
pando , 1302877 , --env=leaper --preset pando procgen canonical --tag=procgen --n_evaluations=1 
pando , 1302878 , --env=bossfight --preset pando procgen canonical --tag=procgen --n_evaluations=1 
pando , 1302879 , --env=bigfish --preset pando procgen canonical --tag=procgen --n_evaluations=1 
pando , 1302880 , --env=starpilot --preset pando procgen canonical --tag=procgen --n_evaluations=1 
pando , 1302881 , --env=bossfight --single_seed --preset pando procgen canonical --tag=procgen --n_evaluations=1 
pando , 1302882 , --env=leaper --preset pando procgen openai --tag=procgen --n_evaluations=1 
pando , 1302883 , --env=bossfight --preset pando procgen openai --tag=procgen --n_evaluations=1 
pando , 1302884 , --env=bigfish --preset pando procgen openai --tag=procgen --n_evaluations=1 
pando , 1302885 , --env=starpilot --preset pando procgen openai --tag=procgen --n_evaluations=1 
pando , 1302886 , --env=bossfight --single_seed --preset pando procgen openai --tag=procgen --n_evaluations=1 
pando , 1302887 , --env=leaper --preset pando procgen canonical --tag=procgen --n_evaluations=5 
pando , 1302888 , --env=bossfight --preset pando procgen canonical --tag=procgen --n_evaluations=5 
pando , 1302889 , --env=bigfish --preset pando procgen canonical --tag=procgen --n_evaluations=5 
pando , 1302890 , --env=starpilot --preset pando procgen canonical --tag=procgen --n_evaluations=5 
pando , 1302891 , --env=bossfight --single_seed --preset pando procgen canonical --tag=procgen --n_evaluations=5 
pando , 1302892 , --env=leaper --preset pando procgen openai --tag=procgen --n_evaluations=5 
pando , 1302893 , --env=bossfight --preset pando procgen openai --tag=procgen --n_evaluations=5 
pando , 1302894 , --env=bigfish --preset pando procgen openai --tag=procgen --n_evaluations=5 
pando , 1302895 , --env=starpilot --preset pando procgen openai --tag=procgen --n_evaluations=5 
pando , 1302896 , --env=bossfight --single_seed --preset pando procgen openai --tag=procgen --n_evaluations=5 
pando , 1303382 , --env=bigfish --single_seed --preset pando procgen canonical --tag=procgen --n_evaluations=1 
pando , 1303383 , --env=bigfish --single_seed --preset pando procgen openai --tag=procgen --n_evaluations=1 
calmip , 825710 , --env=bigfish --single_seed --preset pando procgen canonical --tag=procgen --n_evaluations=1 
calmip , 825712 , --env=bigfish --single_seed --preset calmip procgen canonical --tag=procgen --n_evaluations=1 
calmip , 825715 , --env=leaper --preset calmip procgen canonical --tag=procgen --n_evaluations=1 
calmip , 825716 , --env=leaper --preset calmip procgen openai --tag=procgen --n_evaluations=1 
calmip , 825717 , --env=leaper --preset calmip procgen canonical --tag=procgen --n_evaluations=5 
calmip , 825718 , --env=leaper --preset calmip procgen openai --tag=procgen --n_evaluations=5 
calmip , 825720 , --env=bossfight --single_seed --preset calmip procgen openai --tag=procgen --n_evaluations=1 
calmip , 825955 , --env=starpilot --single_seed --preset calmip procgen openai --tag=procgen --n_evaluations=1 
calmip , 825956 , --env=starpilot --single_seed --preset calmip procgen canonical --tag=procgen --n_evaluations=1 
pando , 1303695 , --env=starpilot --single_seed --preset pando procgen canonical --tag=procgen --n_evaluations=1 
pando , 1408730 , --env=min-breakout --optim=sepcma 
pando , 1408731 , --env=min-seaquest --optim=sepcma 
pando , 1408732 , --env=min-asterix --optim=sepcma 
pando , 1408733 , --env=min-freeway --optim=sepcma 
pando , 1408734 , --env=min-space_invaders --optim=sepcma 
pando , 1408735 , --env=min-breakout --im --optim=sepcma 
pando , 1408736 , --env=min-seaquest --im --optim=sepcma 
pando , 1408737 , --env=min-asterix --im --optim=sepcma 
pando , 1408738 , --env=min-freeway --im --optim=sepcma 
pando , 1408739 , --env=min-space_invaders --im --optim=sepcma 
pando , 1408740 , --env=min-breakout --optim=canonical 
pando , 1408741 , --env=min-seaquest --optim=canonical 
pando , 1408742 , --env=min-asterix --optim=canonical 
pando , 1408743 , --env=min-freeway --optim=canonical 
pando , 1408744 , --env=min-space_invaders --optim=canonical 
pando , 1408745 , --env=min-breakout --im --optim=canonical 
pando , 1408746 , --env=min-seaquest --im --optim=canonical 
pando , 1408747 , --env=min-asterix --im --optim=canonical 
pando , 1408748 , --env=min-freeway --im --optim=canonical 
pando , 1408750 , --env=min-space_invaders --im --optim=canonical 
pando , 1409887 , --env=min-breakout --optim=sepcma 
pando , 1409888 , --env=min-seaquest --optim=sepcma 
pando , 1409889 , --env=min-asterix --optim=sepcma 
pando , 1409890 , --env=min-freeway --optim=sepcma 
pando , 1409891 , --env=min-space_invaders --optim=sepcma 
pando , 1409892 , --env=min-breakout --im --optim=sepcma 
pando , 1409893 , --env=min-seaquest --im --optim=sepcma 
pando , 1409894 , --env=min-asterix --im --optim=sepcma 
pando , 1409895 , --env=min-freeway --im --optim=sepcma 
pando , 1409896 , --env=min-space_invaders --im --optim=sepcma 
pando , 1409897 , --env=min-breakout --optim=canonical 
pando , 1409898 , --env=min-seaquest --optim=canonical 
pando , 1409899 , --env=min-asterix --optim=canonical 
pando , 1409900 , --env=min-freeway --optim=canonical 
pando , 1409901 , --env=min-space_invaders --optim=canonical 
pando , 1409902 , --env=min-breakout --im --optim=canonical 
pando , 1409903 , --env=min-seaquest --im --optim=canonical 
pando , 1409904 , --env=min-asterix --im --optim=canonical 
pando , 1409905 , --env=min-freeway --im --optim=canonical 
pando , 1409906 , --env=min-space_invaders --im --optim=canonical 
pando , 1409907 , --env=min-breakout --optim=sepcma 
pando , 1409908 , --env=min-seaquest --optim=sepcma 
pando , 1409909 , --env=min-asterix --optim=sepcma 
pando , 1409910 , --env=min-freeway --optim=sepcma 
pando , 1409911 , --env=min-space_invaders --optim=sepcma 
pando , 1409912 , --env=min-breakout --im --optim=sepcma 
pando , 1409913 , --env=min-seaquest --im --optim=sepcma 
pando , 1409914 , --env=min-asterix --im --optim=sepcma 
pando , 1409915 , --env=min-freeway --im --optim=sepcma 
pando , 1409916 , --env=min-space_invaders --im --optim=sepcma 
pando , 1409917 , --env=min-breakout --optim=canonical 
pando , 1409918 , --env=min-seaquest --optim=canonical 
pando , 1409919 , --env=min-asterix --optim=canonical 
pando , 1409920 , --env=min-freeway --optim=canonical 
pando , 1409921 , --env=min-space_invaders --optim=canonical 
pando , 1409922 , --env=min-breakout --im --optim=canonical 
pando , 1409923 , --env=min-seaquest --im --optim=canonical 
pando , 1409924 , --env=min-asterix --im --optim=canonical 
pando , 1409925 , --env=min-freeway --im --optim=canonical 
pando , 1409926 , --env=min-space_invaders --im --optim=canonical 
pando , 1409987 , --env=min-breakout --optim=sepcma 
pando , 1409988 , --env=min-breakout --optim=canonical 
pando , 1410169 , --env=min-seaquest --optim=sepcma 
pando , 1410170 , --env=min-asterix --optim=sepcma 
pando , 1410171 , --env=min-freeway --optim=sepcma 
pando , 1410172 , --env=min-space_invaders --optim=sepcma 
pando , 1410173 , --env=min-breakout --im --optim=sepcma 
pando , 1410174 , --env=min-seaquest --im --optim=sepcma 
pando , 1410175 , --env=min-asterix --im --optim=sepcma 
pando , 1410176 , --env=min-freeway --im --optim=sepcma 
pando , 1410177 , --env=min-space_invaders --im --optim=sepcma 
pando , 1410178 , --env=min-seaquest --optim=canonical 
pando , 1410179 , --env=min-asterix --optim=canonical 
pando , 1410180 , --env=min-freeway --optim=canonical 
pando , 1410181 , --env=min-space_invaders --optim=canonical 
pando , 1410182 , --env=min-breakout --im --optim=canonical 
pando , 1410183 , --env=min-seaquest --im --optim=canonical 
pando , 1410184 , --env=min-asterix --im --optim=canonical 
pando , 1410185 , --env=min-freeway --im --optim=canonical 
pando , 1410186 , --env=min-space_invaders --im --optim=canonical 
pando , 1410465 , --env=min-breakout --optim=sepcma --game_seed=0 --episode_frames=27000 
pando , 1410466 , --env=min-seaquest --optim=sepcma --game_seed=0 --episode_frames=27000 
pando , 1410467 , --env=min-asterix --optim=sepcma --game_seed=0 --episode_frames=27000 
pando , 1410468 , --env=min-freeway --optim=sepcma --game_seed=0 --episode_frames=27000 
pando , 1410469 , --env=min-space_invaders --optim=sepcma --game_seed=0 --episode_frames=27000 
pando , 1410470 , --env=min-breakout --optim canonical --im --game_seed=0 --episode_frames=27000 
pando , 1410471 , --env=min-seaquest --optim canonical --im --game_seed=0 --episode_frames=27000 
pando , 1410472 , --env=min-asterix --optim canonical --im --game_seed=0 --episode_frames=27000 
pando , 1410473 , --env=min-freeway --optim canonical --im --game_seed=0 --episode_frames=27000 
pando , 1410474 , --env=min-space_invaders --optim canonical --im --game_seed=0 --episode_frames=27000 
pando , 1410475 , --env=min-breakout --optim=sepcma --game_seed=-1 --episode_frames=27000 
pando , 1410476 , --env=min-seaquest --optim=sepcma --game_seed=-1 --episode_frames=27000 
pando , 1410477 , --env=min-asterix --optim=sepcma --game_seed=-1 --episode_frames=27000 
pando , 1410478 , --env=min-freeway --optim=sepcma --game_seed=-1 --episode_frames=27000 
pando , 1410479 , --env=min-space_invaders --optim=sepcma --game_seed=-1 --episode_frames=27000 
pando , 1410480 , --env=min-breakout --optim canonical --im --game_seed=-1 --episode_frames=27000 
pando , 1410481 , --env=min-seaquest --optim canonical --im --game_seed=-1 --episode_frames=27000 
pando , 1410482 , --env=min-asterix --optim canonical --im --game_seed=-1 --episode_frames=27000 
pando , 1410483 , --env=min-freeway --optim canonical --im --game_seed=-1 --episode_frames=27000 
pando , 1410484 , --env=min-space_invaders --optim canonical --im --game_seed=-1 --episode_frames=27000 
pando , 1413051 , --env=bigfish-easy --optim=sepcma --game_seed=0 --episode_frames=1000 
pando , 1413052 , --env=leaper-easy --optim=sepcma --game_seed=0 --episode_frames=1000 
pando , 1413053 , --env=bossfight-easy --optim=sepcma --game_seed=0 --episode_frames=1000 
pando , 1413054 , --env=starpilot-easy --optim=sepcma --game_seed=0 --episode_frames=1000 
pando , 1413055 , --env=bigfish-easy --optim canonical --im --game_seed=0 --episode_frames=1000 
pando , 1413056 , --env=leaper-easy --optim canonical --im --game_seed=0 --episode_frames=1000 
pando , 1413057 , --env=bossfight-easy --optim canonical --im --game_seed=0 --episode_frames=1000 
pando , 1413058 , --env=starpilot-easy --optim canonical --im --game_seed=0 --episode_frames=1000 
pando , 1413059 , --env=bigfish-easy --optim=sepcma --game_seed=-1 --episode_frames=1000 
pando , 1413060 , --env=leaper-easy --optim=sepcma --game_seed=-1 --episode_frames=1000 
pando , 1413061 , --env=bossfight-easy --optim=sepcma --game_seed=-1 --episode_frames=1000 
pando , 1413062 , --env=starpilot-easy --optim=sepcma --game_seed=-1 --episode_frames=1000 
pando , 1413063 , --env=bigfish-easy --optim canonical --im --game_seed=-1 --episode_frames=1000 
pando , 1413064 , --env=leaper-easy --optim canonical --im --game_seed=-1 --episode_frames=1000 
pando , 1413065 , --env=bossfight-easy --optim canonical --im --game_seed=-1 --episode_frames=1000 
pando , 1413066 , --env=starpilot-easy --optim canonical --im --game_seed=-1 --episode_frames=1000 
pando , 1413448 , --env=min-breakout --optim=sepcma --game_seed=-1 --episode_frames=27000 
pando , 1413449 , --env=min-seaquest --optim=sepcma --game_seed=-1 --episode_frames=27000 
pando , 1413450 , --env=min-asterix --optim=sepcma --game_seed=-1 --episode_frames=27000 
pando , 1413451 , --env=min-freeway --optim=sepcma --game_seed=-1 --episode_frames=27000 
pando , 1413452 , --env=min-space_invaders --optim=sepcma --game_seed=-1 --episode_frames=27000 
pando , 1413453 , --env=min-breakout --optim canonical --im --game_seed=-1 --episode_frames=27000 
pando , 1413454 , --env=min-seaquest --optim canonical --im --game_seed=-1 --episode_frames=27000 
pando , 1413455 , --env=min-asterix --optim canonical --im --game_seed=-1 --episode_frames=27000 
pando , 1413456 , --env=min-freeway --optim canonical --im --game_seed=-1 --episode_frames=27000 
pando , 1413457 , --env=min-space_invaders --optim canonical --im --game_seed=-1 --episode_frames=27000 
pando , 12345 , ['run_1', 'run_2', 'run_3'] 
pando , 12345 , ['run_1', 'run_3'] 
calmip , 12345 , ['run_2'] 
pando , 12345 , run_1 
pando , 12345 , run_3 
calmip , 12345 , run_2 
pando , 1416406 , --net=mujoco-light --env=HalfCheetah-v2 --optim=sepcma --game_seed=0 
pando , 1416407 , --net=mujoco-light --env=InvertedDoublePendulum-v2 --optim=sepcma --game_seed=0 
pando , 1416408 , --net=mujoco-discrete --env=Swimmer-v2 --optim=sepcma --game_seed=0 
pando , 1416409 , --net=mujoco-discrete --env=Hopper-v2 --optim=sepcma --game_seed=0 
pando , 1416410 , --net=mujoco-light --env=InvertedPendulum-v2 --optim=sepcma --game_seed=0 
pando , 1416411 , --net=mujoco-light --env=Walker2d-v2 --optim=sepcma --game_seed=0 
pando , 1416412 , --net=mujoco-light --env=HalfCheetah-v2 --optim canonical --im --game_seed=0 
pando , 1416413 , --net=mujoco-light --env=InvertedDoublePendulum-v2 --optim canonical --im --game_seed=0 
pando , 1416414 , --net=mujoco-discrete --env=Swimmer-v2 --optim canonical --im --game_seed=0 
pando , 1416415 , --net=mujoco-discrete --env=Hopper-v2 --optim canonical --im --game_seed=0 
pando , 1416416 , --net=mujoco-light --env=InvertedPendulum-v2 --optim canonical --im --game_seed=0 
pando , 1416417 , --net=mujoco-light --env=Walker2d-v2 --optim canonical --im --game_seed=0 
pando , 1416418 , --net=mujoco-light --env=HalfCheetah-v2 --optim=sepcma --game_seed=-1 
pando , 1416419 , --net=mujoco-light --env=InvertedDoublePendulum-v2 --optim=sepcma --game_seed=-1 
pando , 1416420 , --net=mujoco-discrete --env=Swimmer-v2 --optim=sepcma --game_seed=-1 
pando , 1416421 , --net=mujoco-discrete --env=Hopper-v2 --optim=sepcma --game_seed=-1 
pando , 1416422 , --net=mujoco-light --env=InvertedPendulum-v2 --optim=sepcma --game_seed=-1 
pando , 1416423 , --net=mujoco-light --env=Walker2d-v2 --optim=sepcma --game_seed=-1 
pando , 1416424 , --net=mujoco-light --env=HalfCheetah-v2 --optim canonical --im --game_seed=-1 
pando , 1416425 , --net=mujoco-light --env=InvertedDoublePendulum-v2 --optim canonical --im --game_seed=-1 
pando , 1416426 , --net=mujoco-discrete --env=Swimmer-v2 --optim canonical --im --game_seed=-1 
pando , 1416427 , --net=mujoco-discrete --env=Hopper-v2 --optim canonical --im --game_seed=-1 
pando , 1416428 , --net=mujoco-light --env=InvertedPendulum-v2 --optim canonical --im --game_seed=-1 
pando , 1416429 , --net=mujoco-light --env=Walker2d-v2 --optim canonical --im --game_seed=-1 
pando , 1416430 , --env=Pong-v0 --optim=sepcma --game_seed=0 
pando , 1416431 , --env=Alien-v0 --optim=sepcma --game_seed=0 
pando , 1416432 , --env=Pong-v0 --optim canonical --im --game_seed=0 
pando , 1416433 , --env=Alien-v0 --optim canonical --im --game_seed=0 
pando , 1416434 , --env=Pong-v0 --optim=sepcma --game_seed=-1 
pando , 1416435 , --env=Alien-v0 --optim=sepcma --game_seed=-1 
pando , 1416436 , --env=Pong-v0 --optim canonical --im --game_seed=-1 
pando , 1416437 , --env=Alien-v0 --optim canonical --im --game_seed=-1 
pando , 1422288 , --net=mujoco-light --env=HalfCheetah-v2 --optim=sepcma --game_seed=0 
pando , 1422289 , --net=mujoco-light --env=InvertedDoublePendulum-v2 --optim=sepcma --game_seed=0 
pando , 1422290 , --net=mujoco-discrete --env=Swimmer-v2 --optim=sepcma --game_seed=0 
pando , 1422291 , --net=mujoco-discrete --env=Hopper-v2 --optim=sepcma --game_seed=0 
pando , 1422292 , --env=Pong-v0 --optim=sepcma --game_seed=0 
pando , 1422293 , --env=Alien-v0 --optim=sepcma --game_seed=0 
pando , 1422294 , --env=Pong-v0 --optim canonical --im --game_seed=0 
pando , 1422295 , --env=Alien-v0 --optim canonical --im --game_seed=0 
pando , 1422296 , --env=Pong-v0 --optim=sepcma --game_seed=-1 
pando , 1422297 , --env=Alien-v0 --optim=sepcma --game_seed=-1 
pando , 1422298 , --env=Pong-v0 --optim canonical --im --game_seed=-1 
pando , 1422299 , --env=Alien-v0 --optim canonical --im --game_seed=-1 
pando , 1422300 , --net=mujoco-light --env=HalfCheetah-v2 --optim=sepcma --game_seed=0 
pando , 1422301 , --net=mujoco-light --env=InvertedDoublePendulum-v2 --optim=sepcma --game_seed=0 
pando , 1422302 , --net=mujoco-discrete --env=Swimmer-v2 --optim=sepcma --game_seed=0 
pando , 1422303 , --net=mujoco-discrete --env=Hopper-v2 --optim=sepcma --game_seed=0 
pando , 1422304 , --net=mujoco-light --env=InvertedPendulum-v2 --optim=sepcma --game_seed=0 
pando , 1422305 , --net=mujoco-light --env=Walker2d-v2 --optim=sepcma --game_seed=0 
pando , 1422306 , --net=mujoco-light --env=HalfCheetah-v2 --optim canonical --im --game_seed=0 
pando , 1422307 , --net=mujoco-light --env=InvertedDoublePendulum-v2 --optim canonical --im --game_seed=0 
pando , 1422308 , --net=mujoco-discrete --env=Swimmer-v2 --optim canonical --im --game_seed=0 
pando , 1422309 , --net=mujoco-discrete --env=Hopper-v2 --optim canonical --im --game_seed=0 
pando , 1422310 , --net=mujoco-light --env=InvertedPendulum-v2 --optim canonical --im --game_seed=0 
pando , 1422311 , --net=mujoco-light --env=Walker2d-v2 --optim canonical --im --game_seed=0 
pando , 1422312 , --net=mujoco-light --env=HalfCheetah-v2 --optim=sepcma --game_seed=-1 
pando , 1422313 , --net=mujoco-light --env=InvertedDoublePendulum-v2 --optim=sepcma --game_seed=-1 
pando , 1422314 , --net=mujoco-discrete --env=Swimmer-v2 --optim=sepcma --game_seed=-1 
pando , 1422315 , --net=mujoco-discrete --env=Hopper-v2 --optim=sepcma --game_seed=-1 
pando , 1422316 , --net=mujoco-light --env=InvertedPendulum-v2 --optim=sepcma --game_seed=-1 
pando , 1422317 , --net=mujoco-light --env=Walker2d-v2 --optim=sepcma --game_seed=-1 
pando , 1422318 , --net=mujoco-light --env=HalfCheetah-v2 --optim canonical --im --game_seed=-1 
pando , 1422319 , --net=mujoco-light --env=InvertedDoublePendulum-v2 --optim canonical --im --game_seed=-1 
pando , 1422320 , --net=mujoco-discrete --env=Swimmer-v2 --optim canonical --im --game_seed=-1 
pando , 1422321 , --net=mujoco-discrete --env=Hopper-v2 --optim canonical --im --game_seed=-1 
pando , 1422322 , --net=mujoco-light --env=InvertedPendulum-v2 --optim canonical --im --game_seed=-1 
pando , 1422323 , --net=mujoco-light --env=Walker2d-v2 --optim canonical --im --game_seed=-1 
pando , 1422362 , --net=mujoco-light --env=HalfCheetah-v2 --optim=sepcma --game_seed=0 
pando , 1422420 ,  
pando , 1422443 ,  
pando , 1422445 ,  
pando , 1422447 ,  
pando , 1422452 ,  
pando , 1422454 ,  
pando , 1422456 ,  
pando , 1422459 ,  
pando , 1422460 ,  
pando , 1422466 ,  
pando , 1422469 ,  
pando , 1422477 ,  
pando , 1422480 ,  
pando , 1422486 ,  
pando , 1422490 ,  
pando , 1422492 ,  
pando , 1422494 ,  
pando , 1422496 ,  
pando , 1422498 ,  
pando , 1423317 ,  
pando , 1423319 ,  
pando , 1423321 ,  
pando , 1423390 ,  
pando , 1423396 ,  
pando , 1423398 ,  
pando , 1423400 ,  
pando ,  ,  
pando ,  ,  
pando , 1423404 ,  
pando , 1423406 ,  
pando , 1423408 ,  
pando , 1423409 ,  
pando , 1423410 ,  
pando , 1423411 ,  
pando , 1423450 ,  
pando ,  ,  
pando ,  ,  
pando , 1423452 ,  
pando , 1423461 ,  
pando , 1423462 , --net=mujoco-light --env=HalfCheetah-v2 --optim=sepcma --game_seed=0 
pando , 1423463 , --net=mujoco-light --env=HalfCheetah-v2 --optim canonical --im --game_seed=0 
pando , 1423464 , --net=mujoco-light --env=HalfCheetah-v2 --optim=sepcma --game_seed=-1 
pando , 1423465 , --net=mujoco-light --env=HalfCheetah-v2 --optim canonical --im --game_seed=-1 
pando , 1423466 , --net=mujoco-light --env=HalfCheetah-v2 --optim=sepcma --game_seed=0 
pando , 1423467 , --net=mujoco-light --env=HalfCheetah-v2 --optim=sepcma --game_seed=0 
pando , 1423468 , --net=mujoco-light --env=InvertedDoublePendulum-v2 --optim=sepcma --game_seed=0 
pando , 1423469 , --net=mujoco-discrete --env=Swimmer-v2 --optim=sepcma --game_seed=0 
pando , 1423470 , --net=mujoco-discrete --env=Hopper-v2 --optim=sepcma --game_seed=0 
pando , 1423471 , --net=mujoco-light --env=InvertedPendulum-v2 --optim=sepcma --game_seed=0 
pando , 1423472 , --net=mujoco-light --env=Walker2d-v2 --optim=sepcma --game_seed=0 
pando , 1423473 , --net=mujoco-light --env=HalfCheetah-v2 --optim canonical --im --game_seed=0 
pando , 1423474 , --net=mujoco-light --env=InvertedDoublePendulum-v2 --optim canonical --im --game_seed=0 
pando , 1423475 , --net=mujoco-discrete --env=Swimmer-v2 --optim canonical --im --game_seed=0 
pando , 1423476 , --net=mujoco-discrete --env=Hopper-v2 --optim canonical --im --game_seed=0 
pando , 1423477 , --net=mujoco-light --env=InvertedPendulum-v2 --optim canonical --im --game_seed=0 
pando , 1423478 , --net=mujoco-light --env=Walker2d-v2 --optim canonical --im --game_seed=0 
pando , 1423479 , --net=mujoco-light --env=HalfCheetah-v2 --optim=sepcma --game_seed=-1 
pando , 1423480 , --net=mujoco-light --env=InvertedDoublePendulum-v2 --optim=sepcma --game_seed=-1 
pando , 1423481 , --net=mujoco-discrete --env=Swimmer-v2 --optim=sepcma --game_seed=-1 
pando , 1423482 , --net=mujoco-discrete --env=Hopper-v2 --optim=sepcma --game_seed=-1 
pando , 1423483 , --net=mujoco-light --env=InvertedPendulum-v2 --optim=sepcma --game_seed=-1 
pando , 1423484 , --net=mujoco-light --env=Walker2d-v2 --optim=sepcma --game_seed=-1 
pando , 1423485 , --net=mujoco-light --env=HalfCheetah-v2 --optim canonical --im --game_seed=-1 
pando , 1423486 , --net=mujoco-light --env=InvertedDoublePendulum-v2 --optim canonical --im --game_seed=-1 
pando , 1423487 , --net=mujoco-discrete --env=Swimmer-v2 --optim canonical --im --game_seed=-1 
pando , 1423488 , --net=mujoco-discrete --env=Hopper-v2 --optim canonical --im --game_seed=-1 
pando , 1423489 , --net=mujoco-light --env=InvertedPendulum-v2 --optim canonical --im --game_seed=-1 
pando , 1423490 , --net=mujoco-light --env=Walker2d-v2 --optim canonical --im --game_seed=-1 
pando , 1423491 , --env=Pong-v0 --optim=sepcma --game_seed=0 
pando , 1423492 , --env=Alien-v0 --optim=sepcma --game_seed=0 
pando , 1423493 , --env=Pong-v0 --optim canonical --im --game_seed=0 
pando , 1423494 , --env=Alien-v0 --optim canonical --im --game_seed=0 
pando , 1423495 , --env=Pong-v0 --optim=sepcma --game_seed=-1 
pando , 1423496 , --env=Alien-v0 --optim=sepcma --game_seed=-1 
pando , 1423497 , --env=Pong-v0 --optim canonical --im --game_seed=-1 
pando , 1423498 , --env=Alien-v0 --optim canonical --im --game_seed=-1 
pando , 1423499 , --net=mujoco-light --env=HalfCheetah-v2 --optim=sepcma --game_seed=0 
pando , 1423500 , --net=mujoco-light --env=HalfCheetah-v2 --optim canonical --im --game_seed=0 
pando , 1423501 , --net=mujoco-light --env=HalfCheetah-v2 --optim=sepcma --game_seed=-1 
pando , 1423502 , --net=mujoco-light --env=HalfCheetah-v2 --optim canonical --im --game_seed=-1 
pando , 1423505 , --net=mujoco-light --env=HalfCheetah-v2 --optim=sepcma --game_seed=0 
pando , 1423506 , --net=mujoco-light --env=HalfCheetah-v2 --optim canonical --im --game_seed=0 
pando , 1423507 , --net=mujoco-light --env=HalfCheetah-v2 --optim=sepcma --game_seed=-1 
pando , 1423508 , --net=mujoco-light --env=HalfCheetah-v2 --optim canonical --im --game_seed=-1 
pando , 1423512 , --net=mujoco-light --env=HalfCheetah-v2 --optim=sepcma --game_seed=0 
pando , 1423513 , --net=mujoco-light --env=HalfCheetah-v2 --optim=sepcma --game_seed=0 
pando , 1423514 , --net=mujoco-light --env=HalfCheetah-v2 --optim=sepcma --game_seed=0 
pando , 1424150 , --net=mujoco-light --env=HalfCheetah-v2 --optim=sepcma --game_seed=0 
pando ,  , --env=Pong-v0 --optim=sepcma --game_seed=0 
pando ,  , --env=Pong-v0 --optim=sepcma --game_seed=0 
pando , 1424153 , --env=Pong-v0 --optim=sepcma --game_seed=0 
pando , 1424154 , --env=Pong-v0 --optim=sepcma --game_seed=0 
pando , 1424155 , --env=Pong-v0 --optim=sepcma --game_seed=0 
calmip , 924174 , --env=Pong-v0 --pop=72 
calmip , 924175 , --env=Pong-v0 --pop=144 
pando ,  , --env=Alien-v0 --pop=72 
pando ,  , --env=Alien-v0 --pop=144 
calmip , 924178 , --env=Pong-v0 --pop=72 
calmip , 924179 , --env=Pong-v0 --pop=144 
pando , 1424764 , --env=Alien-v0 --pop=72 
pando , 1424765 , --env=Alien-v0 --pop=144 
calmip , 924184 , --env=Pong-v0 --pop=72 
calmip , 924185 , --env=Pong-v0 --pop=144 
pando , 1424766 , --env=Alien-v0 --pop=72 
pando , 1424767 , --env=Alien-v0 --pop=144 
calmip , 924191 , --env=Pong-v0 --pop=72 
calmip , 924192 , --env=Pong-v0 --pop=144 
pando , 1424769 , --env=Alien-v0 --pop=72 
pando , 1424770 , --env=Alien-v0 --pop=144 
calmip , 924197 , --env=Pong-v0 --pop=72 
calmip , 924199 , --env=Pong-v0 --pop=144 
pando , 1424771 , --env=Alien-v0 --pop=72 
pando , 1424772 , --env=Alien-v0 --pop=144 
calmip , 924201 , --env=Pong-v0 --pop=72 
calmip , 924202 , --env=Pong-v0 --pop=144 
pando , 1424773 , --env=Alien-v0 --pop=72 
pando , 1424774 , --env=Alien-v0 --pop=144 
calmip , 924207 , --env=Pong-v0 --pop=72 
calmip , 924208 , --env=Pong-v0 --pop=144 
pando , 1424775 , --env=Alien-v0 --pop=72 
pando , 1424776 , --env=Alien-v0 --pop=144 
calmip , 924227 , --env=Pong-v0 --pop=72 
calmip , 924228 , --env=Pong-v0 --pop=144 
pando , 1424786 , --env=Alien-v0 --pop=72 
pando , 1424787 , --env=Alien-v0 --pop=144 
calmip , 924238 , --env=Pong-v0 --pop=72 
pando , 1424788 , --env=Alien-v0 --pop=72 
calmip , 924241 , --env=Pong-v0 --pop=800 
calmip , 924242 , --env=Alien-v0 --pop=800 
calmip , 924245 , --env=Pong-v0 --pop=800 
pando , 1424800 , --env=Pong-v0 --pop=72 
pando , 1424809 , --env=bigfish-easy --pop=72 
pando , 1424832 , --env=bigfish-easy --pop=72 
calmip , 924879 , --env=bigfish-easy --pop=72 
pando , 1424836 , --env=Pong-v0 
pando , 1424837 , --env=Alien-v0 
pando , 1424847 , --env=bigfish-easy --pop=72 
pando , 1424848 , --env=bigfish-easy 
pando , 1424855 , python3 Rayvolution/simple.py --net=impala --episode_frames=1000 --stack_frames=1 --pop=72 --mu=12 --env=bigfish-easy --optim=sepcma 
pando , 1424856 , python3 Rayvolution/simple.py --net=impala --episode_frames=1000 --stack_frames=1 --pop=72 --mu=12 --env=bigfish-easy --optim=canonical 
pando , 1424858 , python3 Rayvolution/simple.py --net=impala --episode_frames=1000 --stack_frames=1 --pop=72 --mu=24 --env=bigfish-easy --optim=sepcma 
pando , 1424859 , python3 Rayvolution/simple.py --net=impala --episode_frames=1000 --stack_frames=1 --pop=72 --mu=24 --env=bigfish-easy --optim=canonical 
calmip , 924937 , python3 Rayvolution/simple.py --net=impala --episode_frames=1000 --stack_frames=1 --pop=72 --mu=24 --env=bigfish-easy --optim=sepcma 
calmip , 924938 , python3 Rayvolution/simple.py --net=impala --episode_frames=1000 --stack_frames=1 --pop=72 --mu=24 --env=bigfish-easy --optim=canonical 
calmip , 924952 , python3 Rayvolution/simple.py --net=impala --episode_frames=1000 --stack_frames=1 --pop=72 --mu=24 --env=bigfish-easy --optim=sepcma 
calmip , 924953 , python3 Rayvolution/simple.py --net=impala --episode_frames=1000 --stack_frames=1 --pop=72 --mu=24 --env=bigfish-easy --optim=canonical 
calmip , 925266 , python3 Rayvolution/simple.py --net=impala --episode_frames=1000 --stack_frames=1 --pop=72 --mu=24 --env=bigfish-easy --optim=sepcma 
calmip , 925267 , python3 Rayvolution/simple.py --net=impala --episode_frames=1000 --stack_frames=1 --pop=72 --mu=24 --env=bigfish-easy --optim=canonical 
pando , 1424933 , python3 Rayvolution/simple.py --net=impala --episode_frames=1000 --stack_frames=1 --pop=72 --mu=24 --env=bigfish-easy --optim=sepcma 
pando , 1424934 , python3 Rayvolution/simple.py --net=impala --episode_frames=1000 --stack_frames=1 --pop=72 --mu=24 --env=bigfish-easy --optim=canonical 
pando , 1424935 , python3 Rayvolution/simple.py --net=conv --episode_frames=27000 --stack_frames=4 --optim=canonical --pop=72 --mu=12 --env=Pong-v0 
pando , 1424936 , python3 Rayvolution/simple.py --net=conv --episode_frames=27000 --stack_frames=4 --optim=canonical --pop=72 --mu=12 --env=Alien-v0 
pando , 1424943 , python3 Rayvolution/simple.py --net=conv --episode_frames=27000 --stack_frames=4 --pop=24 --mu=12 --env=Pong-v0 --optim=canonical 
pando , 1424944 , python3 Rayvolution/simple.py --net=conv --episode_frames=27000 --stack_frames=4 --pop=24 --mu=12 --env=Alien-v0 --optim=canonical 
pando , 1424945 , python3 Rayvolution/simple.py --net=conv --episode_frames=27000 --stack_frames=4 --pop=24 --mu=12 --env=Pong-v0 --optim=sepcma 
pando , 1424946 , python3 Rayvolution/simple.py --net=conv --episode_frames=27000 --stack_frames=4 --pop=24 --mu=12 --env=Alien-v0 --optim=sepcma 
pando , 1424958 , python3 Rayvolution/simple.py --net=conv --episode_frames=27000 --stack_frames=4 --pop=24 --mu=12 --max_frames=1000000000 --max_evals=10000000 --env=Pong-v0 --optim=canonical 
pando , 1424959 , python3 Rayvolution/simple.py --net=conv --episode_frames=27000 --stack_frames=4 --pop=24 --mu=12 --max_frames=1000000000 --max_evals=10000000 --env=Alien-v0 --optim=canonical 
pando , 1424960 , python3 Rayvolution/simple.py --net=conv --episode_frames=27000 --stack_frames=4 --pop=24 --mu=12 --max_frames=1000000000 --max_evals=10000000 --env=Pong-v0 --optim=sepcma 
pando , 1424961 , python3 Rayvolution/simple.py --net=conv --episode_frames=27000 --stack_frames=4 --pop=24 --mu=12 --max_frames=1000000000 --max_evals=10000000 --env=Alien-v0 --optim=sepcma 
pando , 1424962 , python3 Rayvolution/simple.py --net=impala --episode_frames=1000 --stack_frames=1 --pop=24 --mu=12 --max_frames=1000000000 --max_evals=10000000 --env=bigfish-easy --optim=canonical 
pando , 1424963 , python3 Rayvolution/simple.py --net=impala --episode_frames=1000 --stack_frames=1 --pop=24 --mu=12 --max_frames=1000000000 --max_evals=10000000 --env=bigfish-easy --optim=sepcma 
pando , 1424971 , python3 Rayvolution/simple.py --net=conv --episode_frames=27000 --stack_frames=4 --pop=24 --mu=12 --max_frames=1000000000 --max_evals=10000000 --env=Pong-v0 --optim=canonical 
pando , 1424972 , python3 Rayvolution/simple.py --net=conv --episode_frames=27000 --stack_frames=4 --pop=24 --mu=12 --max_frames=1000000000 --max_evals=10000000 --env=Alien-v0 --optim=canonical 
pando , 1424973 , python3 Rayvolution/simple.py --net=conv --episode_frames=27000 --stack_frames=4 --pop=24 --mu=12 --max_frames=1000000000 --max_evals=10000000 --env=Pong-v0 --optim=sepcma 
pando , 1424974 , python3 Rayvolution/simple.py --net=conv --episode_frames=27000 --stack_frames=4 --pop=24 --mu=12 --max_frames=1000000000 --max_evals=10000000 --env=Alien-v0 --optim=sepcma 
pando , 1424975 , python3 Rayvolution/simple.py --net=impala --episode_frames=1000 --stack_frames=1 --pop=24 --mu=12 --max_frames=1000000000 --max_evals=10000000 --env=bigfish-easy --optim=canonical 
pando , 1424976 , python3 Rayvolution/simple.py --net=impala --episode_frames=1000 --stack_frames=1 --pop=24 --mu=12 --max_frames=1000000000 --max_evals=10000000 --env=bigfish-easy --optim=sepcma 
calmip ,  , python3 Rayvolution/ test_procgen.py  
calmip , 925392 , python3 Rayvolution/ test_procgen.py  
calmip , 925393 , python3 Rayvolution/ test_procgen.py  
pando ,  , python3 Rayvolution/ test_procgen.py  
pando , 1424987 , python3 Rayvolution/ test_procgen.py  
calmip , 925404 , python3 Rayvolution/test_procgen.py  
pando , 1424988 , python3 Rayvolution/test_procgen.py  
calmip , 925406 , python3 Rayvolution/test_procgen.py  
calmip , 925411 , python3 Rayvolution/simple.py --net=impala --episode_frames=1000 --stack_frames=1 --pop=24 --mu=12 --max_frames=1000000000 --max_evals=10000000 --env=bigfish-easy --optim=canonical 
calmip , 925412 , python3 Rayvolution/simple.py --net=impala --episode_frames=1000 --stack_frames=1 --pop=24 --mu=12 --max_frames=1000000000 --max_evals=10000000 --env=bigfish-easy --optim=sepcma 
pando , 1424989 , python3 Rayvolution/simple.py --net=impala --episode_frames=1000 --stack_frames=1 --pop=24 --mu=12 --max_frames=1000000000 --max_evals=10000000 --env=bigfish-easy --optim=canonical 
pando , 1424990 , python3 Rayvolution/simple.py --net=impala --episode_frames=1000 --stack_frames=1 --pop=24 --mu=12 --max_frames=1000000000 --max_evals=10000000 --env=bigfish-easy --optim=sepcma 
calmip , 925427 , python3 Rayvolution/test_procgen.py  
pando , 1424996 , python3 Rayvolution/test_procgen.py  
pando , 1424999 , python3 Rayvolution/simple.py --net=impala --episode_frames=1000 --stack_frames=1 --pop=24 --mu=12 --max_frames=1000000000 --max_evals=10000000 --env=bigfish-easy --optim=canonical 
pando , 1425000 , python3 Rayvolution/simple.py --net=impala --episode_frames=1000 --stack_frames=1 --pop=24 --mu=12 --max_frames=1000000000 --max_evals=10000000 --env=bigfish-easy --optim=sepcma 
pando , 1425007 , python3 Rayvolution/simple.py --net=impala --episode_frames=1000 --stack_frames=1 --pop=24 --mu=12 --max_frames=1000000000 --max_evals=10000000 --env=leaper-easy --optim=canonical 
pando , 1425008 , python3 Rayvolution/simple.py --net=impala --episode_frames=1000 --stack_frames=1 --pop=24 --mu=12 --max_frames=1000000000 --max_evals=10000000 --env=bossfight-easy --optim=canonical 
pando , 1425009 , python3 Rayvolution/simple.py --net=impala --episode_frames=1000 --stack_frames=1 --pop=24 --mu=12 --max_frames=1000000000 --max_evals=10000000 --env=starpilot-easy --optim=canonical 
pando , 1425010 , python3 Rayvolution/simple.py --net=impala --episode_frames=1000 --stack_frames=1 --pop=24 --mu=12 --max_frames=1000000000 --max_evals=10000000 --env=leaper-easy --optim=sepcma 
pando , 1425011 , python3 Rayvolution/simple.py --net=impala --episode_frames=1000 --stack_frames=1 --pop=24 --mu=12 --max_frames=1000000000 --max_evals=10000000 --env=bossfight-easy --optim=sepcma 
pando , 1425012 , python3 Rayvolution/simple.py --net=impala --episode_frames=1000 --stack_frames=1 --pop=24 --mu=12 --max_frames=1000000000 --max_evals=10000000 --env=starpilot-easy --optim=sepcma 
pando , 1425312 , python3 Rayvolution/simple.py --net=impala --episode_frames=1000 --stack_frames=1 --pop=24 --mu=12 --max_frames=1000000000 --max_evals=10000000 --env=bigfish-easy --optim=sepcma --seeding=random --wandb=sureli/rayvolution 
pando , 1425313 , python3 Rayvolution/simple.py --net=impala --episode_frames=1000 --stack_frames=1 --pop=24 --mu=12 --max_frames=1000000000 --max_evals=10000000 --env=leaper-easy --optim=sepcma --seeding=random --wandb=sureli/rayvolution 
pando , 1425314 , python3 Rayvolution/simple.py --net=impala --episode_frames=1000 --stack_frames=1 --pop=24 --mu=12 --max_frames=1000000000 --max_evals=10000000 --env=bossfight-easy --optim=sepcma --seeding=random --wandb=sureli/rayvolution 
pando , 1425315 , python3 Rayvolution/simple.py --net=impala --episode_frames=1000 --stack_frames=1 --pop=24 --mu=12 --max_frames=1000000000 --max_evals=10000000 --env=starpilot-easy --optim=sepcma --seeding=random --wandb=sureli/rayvolution 
pando , 1425316 , python3 Rayvolution/simple.py --net=impala --episode_frames=1000 --stack_frames=1 --pop=24 --mu=12 --max_frames=1000000000 --max_evals=10000000 --env=bigfish-easy --optim=canonical --seeding=random --wandb=sureli/rayvolution 
pando , 1425317 , python3 Rayvolution/simple.py --net=impala --episode_frames=1000 --stack_frames=1 --pop=24 --mu=12 --max_frames=1000000000 --max_evals=10000000 --env=leaper-easy --optim=canonical --seeding=random --wandb=sureli/rayvolution 
pando , 1425318 , python3 Rayvolution/simple.py --net=impala --episode_frames=1000 --stack_frames=1 --pop=24 --mu=12 --max_frames=1000000000 --max_evals=10000000 --env=bossfight-easy --optim=canonical --seeding=random --wandb=sureli/rayvolution 
pando , 1425319 , python3 Rayvolution/simple.py --net=impala --episode_frames=1000 --stack_frames=1 --pop=24 --mu=12 --max_frames=1000000000 --max_evals=10000000 --env=starpilot-easy --optim=canonical --seeding=random --wandb=sureli/rayvolution 
pando , 1425320 , python3 Rayvolution/simple.py --net=impala --episode_frames=1000 --stack_frames=1 --pop=24 --mu=12 --max_frames=1000000000 --max_evals=10000000 --env=bigfish-easy --optim=sepcma --seeding=unique --wandb=sureli/rayvolution 
pando , 1425321 , python3 Rayvolution/simple.py --net=impala --episode_frames=1000 --stack_frames=1 --pop=24 --mu=12 --max_frames=1000000000 --max_evals=10000000 --env=leaper-easy --optim=sepcma --seeding=unique --wandb=sureli/rayvolution 
pando , 1425322 , python3 Rayvolution/simple.py --net=impala --episode_frames=1000 --stack_frames=1 --pop=24 --mu=12 --max_frames=1000000000 --max_evals=10000000 --env=bossfight-easy --optim=sepcma --seeding=unique --wandb=sureli/rayvolution 
pando , 1425323 , python3 Rayvolution/simple.py --net=impala --episode_frames=1000 --stack_frames=1 --pop=24 --mu=12 --max_frames=1000000000 --max_evals=10000000 --env=starpilot-easy --optim=sepcma --seeding=unique --wandb=sureli/rayvolution 
pando , 1425324 , python3 Rayvolution/simple.py --net=impala --episode_frames=1000 --stack_frames=1 --pop=24 --mu=12 --max_frames=1000000000 --max_evals=10000000 --env=bigfish-easy --optim=canonical --seeding=unique --wandb=sureli/rayvolution 
pando , 1425325 , python3 Rayvolution/simple.py --net=impala --episode_frames=1000 --stack_frames=1 --pop=24 --mu=12 --max_frames=1000000000 --max_evals=10000000 --env=leaper-easy --optim=canonical --seeding=unique --wandb=sureli/rayvolution 
pando , 1425326 , python3 Rayvolution/simple.py --net=impala --episode_frames=1000 --stack_frames=1 --pop=24 --mu=12 --max_frames=1000000000 --max_evals=10000000 --env=bossfight-easy --optim=canonical --seeding=unique --wandb=sureli/rayvolution 
pando , 1425327 , python3 Rayvolution/simple.py --net=impala --episode_frames=1000 --stack_frames=1 --pop=24 --mu=12 --max_frames=1000000000 --max_evals=10000000 --env=starpilot-easy --optim=canonical --seeding=unique --wandb=sureli/rayvolution 
pando , 1425328 , python3 Rayvolution/simple.py --net=impala --episode_frames=1000 --stack_frames=1 --pop=24 --mu=12 --max_frames=1000000000 --max_evals=10000000 --env=bigfish-easy --optim=sepcma --seeding=generation --wandb=sureli/rayvolution 
pando , 1425329 , python3 Rayvolution/simple.py --net=impala --episode_frames=1000 --stack_frames=1 --pop=24 --mu=12 --max_frames=1000000000 --max_evals=10000000 --env=leaper-easy --optim=sepcma --seeding=generation --wandb=sureli/rayvolution 
pando , 1425330 , python3 Rayvolution/simple.py --net=impala --episode_frames=1000 --stack_frames=1 --pop=24 --mu=12 --max_frames=1000000000 --max_evals=10000000 --env=bossfight-easy --optim=sepcma --seeding=generation --wandb=sureli/rayvolution 
pando , 1425331 , python3 Rayvolution/simple.py --net=impala --episode_frames=1000 --stack_frames=1 --pop=24 --mu=12 --max_frames=1000000000 --max_evals=10000000 --env=starpilot-easy --optim=sepcma --seeding=generation --wandb=sureli/rayvolution 
pando , 1425332 , python3 Rayvolution/simple.py --net=impala --episode_frames=1000 --stack_frames=1 --pop=24 --mu=12 --max_frames=1000000000 --max_evals=10000000 --env=bigfish-easy --optim=canonical --seeding=generation --wandb=sureli/rayvolution 
pando , 1425333 , python3 Rayvolution/simple.py --net=impala --episode_frames=1000 --stack_frames=1 --pop=24 --mu=12 --max_frames=1000000000 --max_evals=10000000 --env=leaper-easy --optim=canonical --seeding=generation --wandb=sureli/rayvolution 
pando , 1425334 , python3 Rayvolution/simple.py --net=impala --episode_frames=1000 --stack_frames=1 --pop=24 --mu=12 --max_frames=1000000000 --max_evals=10000000 --env=bossfight-easy --optim=canonical --seeding=generation --wandb=sureli/rayvolution 
pando , 1425335 , python3 Rayvolution/simple.py --net=impala --episode_frames=1000 --stack_frames=1 --pop=24 --mu=12 --max_frames=1000000000 --max_evals=10000000 --env=starpilot-easy --optim=canonical --seeding=generation --wandb=sureli/rayvolution 
calmip , 926494 , python3 Rayvolution/simple.py --net=impala --episode_frames=1000 --stack_frames=1 --pop=24 --mu=12 --max_frames=1000000000 --max_evals=10000000 --env=bigfish-easy --wandb=sureli/rayvolution 
